Measure,PGA,LPGA,Difference between tours
Avg Difference in Ranking,3.87,96.13,92.25999999999999
Avg Money per Event,120281.56927263859,25525.301120098145,-94756.26815254045
Number of Players,100.0,100.0,0.0
Number of Events,2282.0,2266.0,-16.0
Total Prize Money,256726356.0,58410411.0,-198315945.0
